date,breadth
2020-06-01,57.5
2020-06-08,93.64
2020-06-15,64.77
2020-06-22,66.14
2020-06-29,59.32
2020-07-06,73.64
2020-07-13,72.05
2020-07-20,81.82
2020-07-27,85.45
2020-08-03,86.82
2020-08-10,91.59
2020-08-17,88.41
2020-08-24,84.09
2020-08-31,83.41
2020-09-07,79.09
2020-09-14,74.32
2020-09-21,62.27
2020-09-28,68.64
2020-10-05,73.92
2020-10-12,81.63
2020-10-19,71.43
2020-10-26,68.03
2020-11-02,57.6
2020-11-09,78.46
2020-11-16,87.53
2020-11-23,84.58
2020-11-30,85.26
2020-12-07,85.71
2020-12-14,81.67
2020-12-21,83.94
2020-12-28,84.62
2021-01-04,80.32
2021-01-11,85.97
2021-01-18,83.48
2021-01-25,86.43
2021-02-01,75.57
2021-02-08,83.26
2021-02-15,81.04
2021-02-22,73.36
2021-03-01,73.59
2021-03-08,69.75
2021-03-15,82.17
2021-03-22,80.14
2021-03-29,83.52
2021-04-05,88.94
2021-04-12,91.87
2021-04-19,92.79
2021-04-26,92.12
2021-05-03,87.84
2021-05-10,84.46
2021-05-17,82.21
2021-05-24,83.56
2021-05-31,83.11
2021-06-07,84.01
2021-06-14,81.98
2021-06-21,71.4
2021-06-28,74.55
2021-07-05,77.03
2021-07-12,73.42
2021-07-19,52.7
2021-07-26,65.99
2021-08-02,61.57
2021-08-09,62.92
2021-08-16,67.87
2021-08-23,64.04
2021-08-30,66.52
2021-09-06,66.29
2021-09-13,58.65
2021-09-20,44.72
2021-09-27,58.43
2021-10-04,42.25
2021-10-11,47.42
2021-10-18,59.78
2021-10-25,69.66
2021-11-01,68.99
2021-11-08,74.16
2021-11-15,75.96
2021-11-22,67.42
2021-11-29,60.67
2021-12-06,57.53
2021-12-13,62.25
2021-12-20,51.24
2021-12-27,74.61
2022-01-03,75.51
2022-01-10,66.97
2022-01-17,63.82
2022-01-24,41.93
2022-01-31,46.64
2022-02-07,45.29
2022-02-14,41.48
2022-02-21,38.79
2022-02-28,39.01
2022-03-07,32.74
2022-03-14,29.6
2022-03-21,43.72
2022-03-28,49.55
2022-04-04,51.57
2022-04-11,45.29
2022-04-18,46.19
2022-04-25,44.17
2022-05-02,31.61
2022-05-09,25.11
2022-05-16,27.58
2022-05-23,24.66
2022-05-30,40.58
2022-06-06,37.44
2022-06-13,9.87
2022-06-20,5.61
2022-06-27,17.26
2022-07-04,19.06
2022-07-11,16.59
2022-07-18,13.9
2022-07-25,30.27
2022-08-01,53.81
2022-08-08,55.38
2022-08-15,77.8
2022-08-22,58.07
2022-08-29,49.1
2022-09-05,38.79
2022-09-12,68.61
2022-09-19,43.72
2022-09-26,13.0
2022-10-03,24.44
2022-10-10,21.97
2022-10-17,26.68
2022-10-24,39.24
2022-10-31,55.38
2022-11-07,54.26
2022-11-14,67.71
2022-11-21,69.73
2022-11-28,69.96
2022-12-05,70.18
2022-12-12,71.97
2022-12-19,51.68
2022-12-26,58.17
2023-01-02,57.94
2023-01-09,68.9
2023-01-16,79.87
2023-01-23,79.64
2023-01-30,78.75
2023-02-06,81.88
2023-02-13,82.55
2023-02-20,79.19
2023-02-27,63.31
2023-03-06,65.1
2023-03-13,31.32
2023-03-20,38.48
2023-03-27,36.91
2023-04-03,56.15
2023-04-10,52.8
2023-04-17,58.84
2023-04-24,53.47
2023-05-01,53.47
2023-05-08,50.67
2023-05-15,46.65
2023-05-22,46.43
2023-05-29,39.06
2023-06-05,46.88
2023-06-12,56.47
2023-06-19,64.96
2023-06-26,56.7
2023-07-03,73.21
2023-07-10,71.21
2023-07-17,77.68
2023-07-24,85.71
2023-07-31,83.93
2023-08-07,75.89
2023-08-14,70.76
2023-08-21,54.69
2023-08-28,57.81
2023-09-04,63.62
2023-09-11,54.02
2023-09-18,54.02
2023-09-25,38.62
2023-10-02,31.92
2023-10-09,36.08
2023-10-16,37.19
2023-10-23,18.93
2023-10-30,19.38
2023-11-06,38.31
2023-11-13,39.64
2023-11-20,57.02
2023-11-27,59.91
2023-12-04,71.71
2023-12-11,75.72
2023-12-18,83.96
2023-12-25,85.75
2024-01-01,87.53
2024-01-08,87.08
2024-01-15,85.97
2024-01-22,83.52
2024-01-29,87.08
2024-02-05,78.84
2024-02-12,83.3
2024-02-19,82.18
2024-02-26,81.07
2024-03-04,86.41
2024-03-11,90.2
2024-03-18,83.96
2024-03-25,84.86
2024-04-01,88.03
2024-04-08,81.6
2024-04-15,64.3
2024-04-22,61.42
2024-04-29,65.19
2024-05-06,63.41
2024-05-13,66.52
2024-05-20,70.51
2024-05-27,61.64
2024-06-03,58.98
2024-06-10,56.1
2024-06-17,52.55
2024-06-24,59.42
2024-07-01,51.44
2024-07-08,50.11
2024-07-15,64.75
2024-07-22,67.18
2024-07-29,67.41
2024-08-05,45.45
2024-08-12,57.65
2024-08-19,70.51
2024-08-26,76.05
2024-09-02,79.6
2024-09-09,69.84
2024-09-16,77.16
2024-09-23,79.82
2024-09-30,83.37
2024-10-07,76.27
2024-10-14,84.48
2024-10-21,80.49
2024-10-28,74.94
2024-11-04,68.07
2024-11-11,75.39
2024-11-18,69.4
2024-11-25,77.61
2024-12-02,77.61
2024-12-09,68.29
2024-12-16,59.87
2024-12-23,48.12
2024-12-30,42.79
2025-01-06,42.35
2025-01-13,38.36
2025-01-20,52.33
2025-01-27,58.31
2025-02-03,51.0
2025-02-10,52.33
2025-02-17,51.99
2025-02-24,50.66
2025-03-03,46.68
2025-03-10,36.5
2025-03-17,35.18
2025-03-24,41.15
2025-03-31,38.72
2025-04-07,12.61
2025-04-14,26.99
2025-04-21,19.69
2025-04-28,31.19
2025-05-05,43.81
2025-05-12,63.72
2025-05-19,69.03
2025-05-26,54.87
2025-06-02,59.07
2025-06-09,61.73
2025-06-16,57.74
2025-06-23,62.39
2025-06-30,67.48
2025-07-07,71.9
2025-07-14,73.67
2025-07-21,68.36
2025-07-28,73.45
2025-08-04,67.92
2025-08-11,65.49
2025-08-18,68.14
2025-08-25,71.9
2025-09-01,72.79
2025-09-08,68.58
2025-09-15,66.15
2025-09-22,64.6
2025-09-29,63.27
2025-10-06,65.71
2025-10-13,52.65
2025-10-20,58.41
2025-10-27,62.25
2025-11-03,46.8
2025-11-10,50.33
2025-11-17,41.94
2025-11-24,44.81
2025-12-01,51.66
2025-12-08,51.43
2025-12-15,57.4
2025-12-22,57.4
2025-12-29,57.4
2026-01-05,59.38
2026-01-12,64.46
2026-01-19,67.99
2026-01-26,68.65
2026-02-02,65.56
2026-02-09,67.33
2026-02-16,66.89
2026-02-23,66.0
2026-03-02,67.11
2026-03-09,55.85
2026-03-16,46.36
2026-03-23,39.51
2026-03-30,33.77
2026-04-06,44.81
2026-04-13,52.1
2026-04-20,60.49
2026-04-27,54.08
2026-05-04,49.67
